-- placeUvote sqlite local storage schema
create table poll(_id INTEGER PRIMARY KEY AUTOINCREMENT, question TEXT, private INTEGER, anonymous INTEGER, onechoice INTEGER, locations INTEGER, dates INTEGER, created_on TEXT, created_by TEXT, last_vote TEXT, total_votes INTEGER, user TEXT, email TEXT);
create table choice(_id INTEGER PRIMARY KEY AUTOINCREMENT, poll_id INTEGER, choice TEXT, loc_lat INTEGER, loc_long INTEGER, address TEXT, url TEXT, votes INTEGER);
create table datechoice(_id INTEGER PRIMARY KEY AUTOINCREMENT, poll_id INTEGER, datetime TEXT, dateortime INTEGER, votes INTEGER);
create table voter(_id INTEGER PRIMARY KEY AUTOINCREMENT, poll_id INTEGER, choice_id INTEGER, datechoice_id INTEGER, created_by TEXT, created_on TEXT);
insert into poll(_id, question, private, anonymous, onechoice, locations, dates, created_on, created_by, last_vote, total_votes, user, email) values (1, 'Lets go for a drink next month', 0, 1, 0, 3, 2, '01-10-2010', 'Ed', '01-11-2010', 3, 'Ed', 'ed.crewe@bris.ac.uk');
insert into choice(_id, poll_id, choice, loc_lat, loc_long, address, url, votes) values (1, 1, 'Cat and Wheel', '53', '0.2', 'The Arches', 'http://catandwheel.com', 3);
insert into choice(_id, poll_id, choice, loc_lat, loc_long, address, url, votes) values (2, 1, 'Prince of Wales', '53', '0.25', '20 Gloucester Rd', 'http://pow.com', 2);
insert into choice(_id, poll_id, choice, loc_lat, loc_long, address, url, votes) values (3, 1, 'Robin Hood', '53', '0.3', '50 Gloucester Rd', 'http://robinhood.com', 4);
insert into datechoice(_id, poll_id, datetime, dateortime, votes) values (1, 1, '21-12-2010', 0, 3);
insert into datechoice(_id, poll_id, datetime, dateortime, votes) values (2, 1, '18-12-2010', 0, 5);
insert into voter(_id, poll_id, choice_id, datechoice_id, created_by, created_on) values (1, 1, 1, 0, 'Freddy', '21-10-2010');
insert into voter(_id, poll_id, choice_id, datechoice_id, created_by, created_on) values (1, 1, 2, 0, 'Jim', '21-10-2010');
insert into voter(_id, poll_id, choice_id, datechoice_id, created_by, created_on) values (1, 1, 0, 2, 'Freddy', '21-10-2010');
insert into voter(_id, poll_id, choice_id, datechoice_id, created_by, created_on) values (1, 1, 0, 3, 'Jim', '21-10-2010');

-- Old MicroJobs schema
CREATE TABLE jobs (_id INTEGER PRIMARY KEY AUTOINCREMENT, employer_id INTEGER, title TEXT, description TEXT, start_time INTEGER, end_time INTEGER, status INTEGER);
CREATE TABLE employers( _id INTEGER, employer_name TEXT, contact_name TEXT, website TEXT, rating INTEGER, street TEXT, city TEXT, state TEXT, zip TEXT, phone TEXT, email TEXT, latitude INTEGER, longitude INTEGER);
CREATE TABLE workers( _id INTEGER PRIMARY KEY AUTOINCREMENT, name TEXT, username TEXT, passhash TEXT, rating INTEGER, street TEXT, city TEXT, state TEXT, zip TEXT, phone TEXT, email TEXT, loc1_name TEXT, loc1_lat INTEGER, loc1_long INTEGER, loc2_name TEXT, loc2_lat INTEGER, loc2_long INTEGER, loc3_name TEXT, loc3_lat INTEGER, loc3_long INTEGER);
CREATE TABLE status( _id INTEGER PRIMARY KEY AUTOINCREMENT, status TEXT);
INSERT INTO status (_id , status) VALUES (NULL, 'Filled');
INSERT INTO status (_id , status) VALUES (NULL, 'Applied For');
INSERT INTO status (_id , status) VALUES (NULL, 'Open');
INSERT INTO workers(_id, name, username, rating, passhash, street, city, state, zip, phone, email, loc1_name, loc1_lat, loc1_long, loc2_name, loc2_lat, loc2_long, loc3_name, loc3_lat, loc3_long) VALUES (NULL, 'Larry Dickman', 'LD',  50,'', '1 Main Street', 'Boston', 'MA', '01000', '6175551212','Larry@gmail.net', 'Boston', 42358897, -71057795, 'Cambridge, MA', 42359368, -71094208, 'GooglePlex', 37423269,-122084917);
INSERT INTO employers (_id, employer_name, contact_name, website, rating, street, city, state, zip, phone, email, latitude, longitude) VALUES (1, 'Boston Pizza', 'Mike Dukakis', 'www.bostonpizza.com', 40, '40 Boylston Street', 'Boston', 'MA', '01000', '6175551212', 'jobs@BostonPizza.com', 42352299  , -71063979 );
INSERT INTO employers (_id, employer_name, contact_name, website, rating, street, city, state, zip, phone, email, latitude, longitude) VALUES (2, 'New England Hardware', 'Bob Vila', 'www.newenglandhardware.com', 30, '100 Tremont Street', 'Boston', 'MA', '01000', '6175551212', 'jobs@NEH.com', 42357397 , -71061295);
INSERT INTO employers (_id, employer_name, contact_name, website, rating, street, city, state, zip, phone, email, latitude, longitude) VALUES (3, 'Cheers Bar', 'Sam Neal', 'www.cheersbar.com', 50, '10 Newbury Street', 'Boston', 'MA', '01000', '6175551212', 'sam@Cheers.com', 42352466, -71071684);
INSERT INTO employers (_id, employer_name, contact_name, website, rating, street, city, state, zip, phone, email, latitude, longitude) VALUES (4, 'West Coast Lumber', 'Harry Truman', 'www.westcoastlumber.com', 35, '455 W Evelyn Ave', 'Mountain View', 'CA', '94041', '6505551212', 'jobs@westcoastlumber.com', 37393133, -122074941);
INSERT INTO employers (_id, employer_name, contact_name, website, rating, street, city, state, zip, phone, email, latitude, longitude) VALUES (5, 'Google', 'Eric Schmidt', 'www.google.com', 50, '1600 Amphitheatre Parkway', 'Mountain View', 'CA', '94041', '6502530000', 'jobs@google.com', 37423269, -122082667);
INSERT INTO employers (_id, employer_name, contact_name, website, rating, street, city, state, zip, phone, email, latitude, longitude) VALUES (6, 'Shakes Electronics', 'Elvis Presley', 'www.shakes.com', 35, '340 Portage Ave', 'Palo Alto', 'CA', '94306', '6504962000', 'jobs@shakes.com', 37422404, -122137609);
INSERT INTO jobs (_id, employer_id, title, description, start_time, end_time, status) VALUES (NULL, 1, 'Busboy', 'Need a person to help clean tables for a few hours.  No experience necessary', 0, 0, 3);
INSERT INTO jobs (_id, employer_id, title, description, start_time, end_time, status) VALUES (NULL, 3, 'Bartender apprentice', 'Help our regular bartender during rush hours.  Must be over 21', 0, 0, 2);
INSERT INTO jobs (_id, employer_id, title, description, start_time, end_time, status) VALUES (NULL, 2, 'General help', 'Someone to help stock shelves and open the store', 0,0,1);
INSERT INTO jobs (_id, employer_id, title, description, start_time, end_time, status) VALUES (NULL, 4, 'Carpenter apprentice', 'Assist contract carpenters in assembly of backyard storage sheds.', 0, 0, 1);
INSERT INTO jobs (_id, employer_id, title, description, start_time, end_time, status) VALUES (NULL, 4, 'Store help', 'Help stock shelves', 0, 0, 2);
INSERT INTO jobs (_id, employer_id, title, description, start_time, end_time, status) VALUES (NULL, 5, 'CEO Standin', 'Need impersonator to stand in for Eric Schmidt while on vacation. Must look exactly like Eric Schmidt.', 0, 0, 3);
INSERT INTO jobs (_id, employer_id, title, description, start_time, end_time, status) VALUES (NULL, 5, 'Microsoft Advocate', 'Need lightning rod to promote use of Microsoft tools within Google.  Short term position.', 0, 0, 1);
INSERT INTO jobs (_id, employer_id, title, description, start_time, end_time, status) VALUES (NULL, 6, 'Customer support', 'Person to help TV customers understand that, no matter what their current problem, they need a new, bigger HD TV', 0, 0, 2);
INSERT INTO jobs (_id, employer_id, title, description, start_time, end_time, status) VALUES (NULL, 6, 'Game tester', 'Person to test new XBox games for hidden features.', 0, 0, 3);
INSERT INTO jobs (_id, employer_id, title, description, start_time, end_time, status) VALUES (NULL, 4, 'Carpentry teacher', 'Teach customers basic carpentry skills.  Must have done commercial work as a finish carpenter.', 0, 0, 1);
INSERT INTO jobs (_id, employer_id, title, description, start_time, end_time, status) VALUES (NULL, 4, 'Medic', 'Skilled in basic First Aid to stop bleeding of carpentry students.', 0, 0, 1);
INSERT INTO jobs (_id, employer_id, title, description, start_time, end_time, status) VALUES (NULL, 1, 'Kitchen help', 'Assist chef in high end pizza kitchen.  No experience necessary', 0, 0, 2);
INSERT INTO jobs (_id, employer_id, title, description, start_time, end_time, status) VALUES (NULL, 2, 'Temporary Cashier', 'Must have experience using a cash register.', 0, 0, 1);
